id,first_name,last_name,email,gender,ip_address,another one,something numeric
1,Shepherd,Castelow,scastelow0@paypal.com,Non-binary,93.239.87.165,1,6/20/2021
2,Mattias,Dorling,mdorling1@nyu.edu,Non-binary,199.138.199.50,0,6/27/2021
3,Biddie,Pennell,bpennell2@chronoengine.com,Male,104.93.221.176,1,5/31/2021
4,Jewelle,Lemarie,jlemarie3@comcast.net,Bigender,40.99.24.112,1,11/14/2020
5,Laurence,Malarkey,lmalarkey4@blogtalkradio.com,Male,166.85.113.177,1,12/24/2020
6,Emanuele,Josey,ejosey5@imdb.com,Agender,173.116.179.58,0,4/28/2021
7,Isabeau,Steffens,isteffens6@patch.com,Agender,251.141.164.25,0,8/31/2021
8,Lavinie,Ruf,lruf7@springer.com,Male,114.135.28.99,0,9/7/2021
9,Carver,Davsley,cdavsley8@telegraph.co.uk,Genderfluid,214.87.246.156,0,2/2/2021
10,Vanna,Galley,vgalley9@apache.org,Polygender,20.59.163.248,0,11/30/2020
11,Dari,Peasnone,dpeasnonea@army.mil,Bigender,240.18.251.35,1,12/18/2020
12,Isaac,Sheivels,isheivelsb@zimbio.com,Agender,170.102.125.148,1,5/2/2021
13,Gonzalo,Durkin,gdurkinc@nbcnews.com,Non-binary,62.17.178.228,1,9/22/2021
14,Delly,Kermon,dkermond@hugedomains.com,Non-binary,230.103.248.179,1,4/10/2021
15,Kaycee,Slora,kslorae@cnbc.com,Genderfluid,63.39.179.230,1,7/1/2021
16,Burtie,Dutteridge,bdutteridgef@trellian.com,Genderqueer,127.50.223.32,0,3/11/2021
17,Dore,Bromwich,dbromwichg@indiegogo.com,Polygender,151.188.46.103,0,7/25/2021
18,Terese,Evers,teversh@yahoo.co.jp,Genderfluid,112.40.119.101,0,3/10/2021
19,Celestyna,Gruby,cgrubyi@hibu.com,Female,167.65.105.181,1,7/7/2021
20,Hatti,Marflitt,hmarflittj@goo.gl,Male,69.193.75.163,1,2/26/2021
21,Mercy,Hallwood,mhallwoodk@edublogs.org,Genderqueer,26.75.25.13,1,7/11/2021
22,Annissa,Gallone,agallonel@shutterfly.com,Non-binary,132.64.172.227,1,3/12/2021
23,Nathanial,Smedmoor,nsmedmoorm@vistaprint.com,Agender,104.35.20.251,1,11/4/2020
24,Mireille,Sparke,msparken@ca.gov,Non-binary,152.237.235.203,0,3/7/2021
25,Sherilyn,Carne,scarneo@myspace.com,Bigender,54.150.174.226,1,4/4/2021
26,Dorie,Dalgetty,ddalgettyp@rambler.ru,Bigender,210.25.151.167,1,7/12/2021
27,Gustaf,Fannin,gfanninq@i2i.jp,Genderfluid,50.162.27.113,0,4/8/2021
28,Kristo,Roelvink,kroelvinkr@furl.net,Female,40.128.88.32,0,2/18/2021
29,Rip,Grimwad,rgrimwads@nyu.edu,Agender,214.6.169.113,0,11/18/2020
30,Amelie,Lawtey,alawteyt@boston.com,Agender,202.43.130.112,0,1/8/2021
31,Guthrey,Beamish,gbeamishu@hugedomains.com,Genderfluid,121.211.114.252,1,8/11/2021
32,Rene,Woodyear,rwoodyearv@constantcontact.com,Male,121.124.252.176,0,8/30/2021
33,Lester,Ciottoi,lciottoiw@rediff.com,Female,105.66.7.25,1,12/23/2020
34,Dun,Treadgall,dtreadgallx@comcast.net,Non-binary,73.72.241.165,1,8/26/2021
35,Elmer,Faltskog,efaltskogy@vinaora.com,Agender,217.149.49.119,0,7/2/2021
36,Celle,Choppen,cchoppenz@ifeng.com,Agender,12.194.42.208,1,8/1/2021
37,Zia,Basilotta,zbasilotta10@zimbio.com,Bigender,50.106.137.227,0,2/22/2021
38,Henrik,Woodley,hwoodley11@drupal.org,Bigender,140.18.85.118,0,12/28/2020
39,Maddi,McLane,mmclane12@reverbnation.com,Female,209.240.119.209,0,6/20/2021
40,Maxi,Mandeville,mmandeville13@intel.com,Agender,150.111.95.177,0,12/29/2020
41,Giorgi,Addington,gaddington14@businessinsider.com,Male,34.129.255.115,0,10/17/2021
42,Emile,Georghiou,egeorghiou15@google.ca,Non-binary,54.196.230.213,1,11/11/2020
43,Helsa,Waddams,hwaddams16@opera.com,Polygender,110.82.1.231,1,10/25/2020
44,Chantalle,Fitchen,cfitchen17@trellian.com,Genderqueer,122.25.63.220,1,10/10/2021
45,Delcina,Slewcock,dslewcock18@loc.gov,Polygender,105.124.5.127,0,4/17/2021
46,Edd,Leyzell,eleyzell19@kickstarter.com,Agender,51.36.242.84,1,8/4/2021
47,Luis,Goundry,lgoundry1a@nifty.com,Polygender,93.87.97.187,1,11/16/2020
48,Antonino,Juden,ajuden1b@google.nl,Genderqueer,122.166.22.115,1,1/10/2021
49,Thornton,Castelot,tcastelot1c@nbcnews.com,Polygender,46.161.45.148,0,7/20/2021
50,Hill,Cacacie,hcacacie1d@usa.gov,Agender,186.18.105.184,1,12/25/2020
51,Jaimie,Muirden,jmuirden1e@i2i.jp,Non-binary,201.190.88.41,1,10/17/2021
52,Ronni,Harper,rharper1f@bloglines.com,Polygender,126.193.130.26,0,8/31/2021
53,Lindy,Mannooch,lmannooch1g@taobao.com,Agender,232.84.251.70,1,4/20/2021
54,Suzi,Shemmans,sshemmans1h@dyndns.org,Genderqueer,100.46.99.22,1,9/4/2021
55,Selestina,Maunder,smaunder1i@mysql.com,Genderqueer,39.67.146.48,1,6/21/2021
56,Lisha,Trelease,ltrelease1j@marriott.com,Agender,188.61.19.131,0,10/29/2020
57,Tansy,Garralts,tgarralts1k@state.tx.us,Female,28.208.20.242,0,10/26/2020
58,Port,Ewens,pewens1l@amazon.com,Genderqueer,226.2.122.36,1,5/30/2021
59,Daryle,Gavrieli,dgavrieli1m@scientificamerican.com,Genderqueer,59.249.141.43,0,4/25/2021
60,Doe,Malinson,dmalinson1n@psu.edu,Polygender,68.212.151.28,1,8/14/2021
61,Chadwick,Ianni,cianni1o@unesco.org,Male,185.177.120.72,0,8/27/2021
62,Ram,Bowery,rbowery1p@jugem.jp,Genderfluid,179.61.110.14,1,4/4/2021
63,Kirsten,Haynesford,khaynesford1q@51.la,Agender,200.88.255.132,0,1/21/2021
64,Odetta,Gibbetts,ogibbetts1r@weebly.com,Non-binary,157.122.202.119,0,12/5/2020
65,Corena,Baldick,cbaldick1s@salon.com,Female,198.243.236.38,1,9/9/2021
66,Wain,Genicke,wgenicke1t@yellowbook.com,Non-binary,210.93.118.90,0,9/29/2021
67,Skelly,Rizzini,srizzini1u@fotki.com,Non-binary,65.98.8.22,1,8/6/2021
68,Ethan,Wager,ewager1v@discovery.com,Agender,121.106.193.16,0,4/10/2021
69,Pablo,Sommersett,psommersett1w@google.cn,Genderqueer,158.227.84.28,0,3/11/2021
70,Quintana,Rossoni,qrossoni1x@google.cn,Agender,178.10.185.239,0,5/12/2021
71,Roderich,Briddock,rbriddock1y@geocities.com,Male,129.188.201.151,1,7/9/2021
72,Dore,Tullett,dtullett1z@etsy.com,Female,227.203.105.235,0,12/14/2020
73,Rossie,Tesseyman,rtesseyman20@instagram.com,Genderfluid,134.3.155.167,0,9/11/2021
74,Evered,Jorn,ejorn21@wix.com,Non-binary,244.112.243.116,1,12/29/2020
75,Galina,Longfut,glongfut22@pen.io,Female,10.12.0.92,1,10/31/2020
76,Reggi,Passey,rpassey23@prnewswire.com,Bigender,20.125.85.64,1,4/15/2021
77,Maggy,Jencken,mjencken24@free.fr,Female,107.245.110.191,0,10/13/2021
78,Perry,Knowller,pknowller25@ucsd.edu,Genderfluid,188.98.145.186,1,9/8/2021
79,Nessi,Kigelman,nkigelman26@google.de,Genderqueer,118.216.234.197,0,2/25/2021
80,Belvia,Pegden,bpegden27@cargocollective.com,Bigender,250.244.226.176,0,9/11/2021
81,Sean,Staniforth,sstaniforth28@feedburner.com,Agender,154.100.163.21,0,4/20/2021
82,Gussie,Vasyukov,gvasyukov29@list-manage.com,Male,30.19.45.103,1,4/27/2021
83,Jake,Maclaine,jmaclaine2a@ox.ac.uk,Female,248.64.160.46,1,6/30/2021
84,Arden,Girhard,agirhard2b@w3.org,Bigender,109.83.98.112,1,10/23/2020
85,Billye,Jursch,bjursch2c@icq.com,Genderqueer,2.57.229.200,1,11/22/2020
86,Veradis,Ayer,vayer2d@diigo.com,Agender,140.60.66.25,1,2/28/2021
87,Orsola,Gwilym,ogwilym2e@berkeley.edu,Bigender,66.186.160.8,1,6/11/2021
88,Berky,Telfer,btelfer2f@ocn.ne.jp,Polygender,168.50.153.5,1,7/5/2021
89,Wilbur,Scarsbrick,wscarsbrick2g@flavors.me,Female,134.235.157.26,0,9/29/2021
90,Lefty,McCurtain,lmccurtain2h@netlog.com,Female,42.62.2.255,0,8/13/2021
91,Jarrett,Tippings,jtippings2i@pen.io,Bigender,210.101.33.115,1,11/7/2020
92,Jammal,Patron,jpatron2j@bloglines.com,Genderqueer,91.33.158.232,1,2/21/2021
93,Aurora,Scroggins,ascroggins2k@sfgate.com,Non-binary,55.226.13.244,1,8/29/2021
94,Estella,Cavaney,ecavaney2l@illinois.edu,Female,5.128.205.26,0,10/15/2021
95,Justinn,Ayres,jayres2m@usatoday.com,Agender,92.237.74.231,1,12/2/2020
96,Ramon,Peatt,rpeatt2n@mtv.com,Bigender,254.161.168.194,0,1/14/2021
97,Lyndy,Camacke,lcamacke2o@yellowbook.com,Polygender,170.163.223.125,1,1/16/2021
98,Jackie,Frankham,jfrankham2p@wired.com,Polygender,191.32.72.137,1,1/15/2021
99,Hulda,Brugden,hbrugden2q@nature.com,Male,134.162.237.212,1,6/30/2021
100,Aila,Leates,aleates2r@exblog.jp,Bigender,188.71.156.149,1,9/16/2021
